{"education": {"Unknown": 0.16680567139282734, "B.A.": 0.29524603836530444, "M.A.": 0.24103419516263552, "B.Div.": 0.02585487906588824, "None": 0.0658882402001668, "Ph.D. Div.": 0.057547956630525435, "Fellow": 0.08256880733944955, "Private School": 0.06505421184320268}, "religion": {"Anglican": 0.6704055220017257, "Catholic": 0.03451251078515962, "Presbyterian": 0.12251941328731665, "Quaker": 0.023295944779982744, "Dissenter": 0.10094909404659189, "Episcopalian": 0.013805004314063849, "Congregational": 0.021570319240724764, "Jewish": 0.001725625539257981, "Unitarian": 0.011216566005176877}, "nationalities": {"English": 0.7263157894736842, "Scottish": 0.1125506072874494, "Irish": 0.0931174089068826, "American": 0.058299595141700404, "Welsh": 0.009716599190283401}, "gender": {"male": 0.9272882805816938, "female": 0.07271171941830624}, "writing": {"poet": 0.4749661705006766, "essayist": 0.11998195760036084, "historian": 0.032025259359494816, "dramatist": 0.10419485791610285, "translator": 0.09607577807848444, "novelist": 0.05367613892647722, "journalist": 0.037437979251240414, "editor": 0.08164185836716284}, "occupations": {"clergyman": 0.22286541244573083, "antiquary": 0.1020260492040521, "lawyer": 0.09117221418234443, "laborer": 0.01447178002894356, "courtier": 0.08104196816208394, "tutor": 0.060781476121562955, "schoolmaster": 0.0918958031837916, "musician": 0.015195369030390739, "professor": 0.03473227206946455, "painter": 0.023878437047756874, "book trade": 0.04052098408104197, "secretary": 0.03835021707670044, "military": 0.049204052098408106, "physician": 0.03690303907380608, "merchant": 0.01085383502170767, "diplomat": 0.02243125904486252, "actor": 0.015195369030390739, "artisan": 0.019536903039073805, "clerk": 0.02894356005788712}}